{
  "id": "ddb9f75c-b306-79eb-65ed-a39544711f56",
  "name": "Governed Metric Service",
  "values": [
    {
      "enabled": true,
      "key": "url",
      "value": "https://localhost:8590",
      "type": "text"
    },
    {
      "enabled": true,
      "key": "appGuid",
      "value": "1b6a6e1c-2e00-436b-8011-2934b468d1e3",
      "type": "text"
    }
  ],
  "timestamp": 1490196183847,
  "_postman_variable_scope": "environment",
  "_postman_exported_at": "2017-03-22T15:41:49.723Z",
  "_postman_exported_using": "Postman/4.10.3"
}