﻿Accounts;Bold;Background;FontStyle;LetterColor;Align;Size;Comment
Revenues;<bold>;;<italic>;;<center>;;<comment>
Net sales revenues;<bold>;RGB(225,226,226);;;;;
Cost of goods sold;<bold>;RGB(225,226,226);;;;;
Manufacturing overhead;<bold>;;<italic>;;<center>;;<comment>
Net mfr overhead;<bold>;RGB(225,226,226);;;;;
Net costs of goods sold;<bold>;RGB(225,226,226);;;;;
Gross profit;<bold>;RGB(193,216,47);;;<center>;<large>;
Operating expenses;<bold>;;<italic>;;;;
Total selling expenses;<bold>;RGB(225,226,226);;;;;
General & administrative expenses;<bold>;;<italic>;;<center>;;<comment>
Other general & admin expenses;<bold>;rgb(128, 191, 255);<white>;;<center>;<large>;
total general & admin expenses;<bold>;<soft>;;;;;
total operating expenses;<bold>;rgb(128, 191, 255);<white>;;;;
Operating income before taxes;<bold>;RGB(193,216,47);;;;<large>;
Financial revenue & expenses;<bold>;;<italic>;;<center>;;<comment>
Income before tax & extraordinary items;<bold>;RGB(193,216,47);;;;<large>;
Extraordinary items;<bold>;;<italic>;;<center>;;<comment>
Net gain on sale of land;<bold>;RGB(193,216,47);;;<center>;<large>;
Extraordinary items after tax;<bold>;RGB(193,216,47);;;<center>;<large>;
Net Income (Profit);<bold>;<night>;;<white>;<center>;<large>;