{"name":"spotify-dictionary","display_name":"Spotify","owner":"websy85","auth_method":"OAuth","auth_options":{"auth_version":"2.0","oauth_authorize_url":"https://accounts.spotify.com/authorize","oauth_token_url":"https://accounts.spotify.com/api/token","oauth_additional_params":"response_type=code&scope=user-read-private%20user-read-email%20user-top-read","oauth_params_in_query":false,"oauth_redirect_url_parameter":"","uses_refresh_token":true},"paging_method":"None","paging_options":{},"tables":[{"qName":"profile","endpoint":"me","fields":[{"qName":"country","path":"country","type":"String"},{"qName":"display_name","path":"display_name","type":"String"},{"qName":"email","path":"email","type":"String"},{"qName":"external_urls_spotify","path":"external_urls.spotify","type":"String"},{"qName":"followers_href","path":"followers.href","type":"String"},{"qName":"followers_total","path":"followers.total","type":"String"},{"qName":"href","path":"href","type":"String"},{"qName":"id","path":"id","type":"String"},{"qName":"product","path":"product","type":"String"},{"qName":"type","path":"type","type":"String"},{"qName":"uri","path":"uri","type":"String"}],"has_link_to_child":false},{"qName":"topartists","endpoint":"me/top/artists","data_element_override":"items","fields":[{"qName":"external_urls_spotify","path":"external_urls.spotify","type":"String"},{"qName":"followers_href","path":"followers.href","type":"String"},{"qName":"followers_total","path":"followers.total","type":"String"},{"qName":"href","path":"href","type":"String"},{"qName":"id","path":"id","type":"String"},{"qName":"name","path":"name","type":"String"},{"qName":"popularity","path":"popularity","type":"String"},{"qName":"type","path":"type","type":"String"},{"qName":"uri","path":"uri","type":"String"}]},{"qName":"topartistimages","endpoint":"me/top/artists","data_element_override":"items","child_data_element":"images","fields":[{"qName":"parentId","path":"{parent}.id","type":"String"},{"qName":"height","path":"height","type":"String"},{"qName":"url","path":"url","type":"String"},{"qName":"width","path":"width","type":"String"}]}],"id":"58c80d124ee02e0011247070","base_endpoint":"v1"}