<ExtensionObject xmlns:xsi="http://www.w3.org/2001/XMLSchema-instance" xsi:noNamespaceSchemaLocation="Definition.xsd" Label="GoogleMaps - Cluster" Description="GoogleMaps Extension" PageHeight="200000">
	<Dimension Label="Latitude" Initial="" DropTarget="Latitude"/>
	<Dimension Label="Longitude" Initial="" DropTarget="Longitude"/>
	<Measurement Label="Measurement" Initial="Sum(lat)"/>
	<Measurement Label="Popup Contents" Initial="Sum(lat)"/>
	<Measurement Label="Custom Marker URL" Initial="='url goes here'" Expression="='url goes here'"/>
	<Text Label="Pop-up labels" Type="checkbox" Initial="" Expression="1"/>
	<Text Label="Grid Size" Type="text" Initial="" Expression="30"/>
	<Text Label="Max zoom" Type="text" Initial="" Expression="15"/>
	<Text Label="Single Cluster Style" Type="checkbox" Initial="" Expression="1"/>
	<Initiate Name="Chart.Dimension.0.SuppressNull" value="1"/>
	<Initiate Name="Chart.Dimension.1.SuppressNull" value="1"/>
</ExtensionObject>